dt,abs_ledger_residual
0.02,0.005765330310993022
0.01,0.005765238529431116
0.005,0.005765219132458199
0.0025,0.005765214725748535
